ticker,composite_score,signal,analyst_score,news_score,reddit_score,reddit_mentions
AAPL,50.0,HOLD,50,50.0,50,0
ABBV,50.0,HOLD,50,50.0,50,0
ABT,50.0,HOLD,50,50.0,50,0
ADI,50.0,HOLD,50,50.0,50,0
ALNY,50.0,HOLD,50,50.0,50,0
AMAT,50.0,HOLD,50,50.0,50,0
AMD,50.0,HOLD,50,50.0,50,0
AMGN,50.0,HOLD,50,50.0,50,0
AMZN,50.0,HOLD,50,50.0,50,0
ASML,50.0,HOLD,50,50.0,50,0
AVGO,50.0,HOLD,50,50.0,50,0
AXP,50.0,HOLD,50,50.0,50,0
BA,50.0,HOLD,50,50.0,50,0
BABA,50.0,HOLD,50,50.0,50,0
BAC,50.0,HOLD,50,50.0,50,0
BIIB,50.0,HOLD,50,50.0,50,0
BLK,50.0,HOLD,50,50.0,50,0
BMRN,50.0,HOLD,50,50.0,50,0
BMY,50.0,HOLD,50,50.0,50,0
BNTX,50.0,HOLD,50,50.0,50,0
C,50.0,HOLD,50,50.0,50,0
CAT,50.0,HOLD,50,50.0,50,0
CHWY,50.0,HOLD,50,50.0,50,0
CMCSA,50.0,HOLD,50,50.0,50,0
COIN,50.0,HOLD,50,50.0,50,0
COP,50.0,HOLD,50,50.0,50,0
COST,50.0,HOLD,50,50.0,50,0
CRM,50.0,HOLD,50,50.0,50,0
CRWD,50.0,HOLD,50,50.0,50,0
CVX,50.0,HOLD,50,50.0,50,0
DDOG,50.0,HOLD,50,50.0,50,0
DE,50.0,HOLD,50,50.0,50,0
DHR,50.0,HOLD,50,50.0,50,0
DIS,50.0,HOLD,50,50.0,50,0
DOCU,50.0,HOLD,50,50.0,50,0
DXCM,50.0,HOLD,50,50.0,50,0
EBAY,50.0,HOLD,50,50.0,50,0
ENPH,50.0,HOLD,50,50.0,50,0
EOG,50.0,HOLD,50,50.0,50,0
ETSY,50.0,HOLD,50,50.0,50,0
FDX,50.0,HOLD,50,50.0,50,0
FTNT,50.0,HOLD,50,50.0,50,0
GE,50.0,HOLD,50,50.0,50,0
GILD,50.0,HOLD,50,50.0,50,0
GOOG,50.0,HOLD,50,50.0,50,0
GOOGL,50.0,HOLD,50,50.0,50,0
GS,50.0,HOLD,50,50.0,50,0
HD,50.0,HOLD,50,50.0,50,0
HON,50.0,HOLD,50,50.0,50,0
INTC,50.0,HOLD,50,50.0,50,0
